{
    "marital-status": {
        "Separated": {
            "precision": 0.8333333333333334,
            "recall": 0.35714285714285715,
            "f1": 0.5
        },
        "Widowed": {
            "precision": 1.0,
            "recall": 0.18181818181818182,
            "f1": 0.3076923076923077
        },
        "Never-married": {
            "precision": 1.0,
            "recall": 0.35353535353535354,
            "f1": 0.5223880597014925
        },
        "Divorced": {
            "precision": 0.8636363636363636,
            "recall": 0.4367816091954023,
            "f1": 0.5801526717557253
        },
        "Married-spouse-absent": {
            "precision": 0.6666666666666666,
            "recall": 0.2857142857142857,
            "f1": 0.4
        },
        "Married-civ-spouse": {
            "precision": 0.7709335899903753,
            "recall": 0.6091254752851711,
            "f1": 0.6805437553101105
        },
        "Married-AF-spouse": {
            "precision": 1.0,
            "recall": 0.5,
            "f1": 0.6666666666666666
        }
    },
    "relationship": {
        "Unmarried": {
            "precision": 1.0,
            "recall": 0.3157894736842105,
            "f1": 0.4799999999999999
        },
        "Other-relative": {
            "precision": 1.0,
            "recall": 0.3333333333333333,
            "f1": 0.5
        },
        "Not-in-family": {
            "precision": 0.8918918918918919,
            "recall": 0.4024390243902439,
            "f1": 0.5546218487394957
        },
        "Own-child": {
            "precision": 1.0,
            "recall": 0.1875,
            "f1": 0.3157894736842105
        },
        "Husband": {
            "precision": 0.7705442902881536,
            "recall": 0.6097972972972973,
            "f1": 0.6808109382366807
        },
        "Wife": {
            "precision": 0.7745098039215687,
            "recall": 0.6220472440944882,
            "f1": 0.6899563318777292
        }
    },
    "race": {
        "Asian-Pac-Islander": {
            "precision": 0.6875,
            "recall": 0.5,
            "f1": 0.5789473684210527
        },
        "White": {
            "precision": 0.7854368932038835,
            "recall": 0.5832732516222062,
            "f1": 0.6694249069093918
        },
        "Black": {
            "precision": 0.8035714285714286,
            "recall": 0.5056179775280899,
            "f1": 0.6206896551724139
        },
        "Amer-Indian-Eskimo": {
            "precision": 0.7142857142857143,
            "recall": 0.5555555555555556,
            "f1": 0.6250000000000001
        },
        "Other": {
            "precision": 0.6,
            "recall": 0.5,
            "f1": 0.5454545454545454
        }
    },
    "native-country": {
        "South": {
            "precision": 0.6666666666666666,
            "recall": 0.6666666666666666,
            "f1": 0.6666666666666666
        },
        "Philippines": {
            "precision": 0.7777777777777778,
            "recall": 0.5384615384615384,
            "f1": 0.6363636363636364
        },
        "Mexico": {
            "precision": 0.75,
            "recall": 0.5,
            "f1": 0.6
        },
        "United-States": {
            "precision": 0.7868696479543292,
            "recall": 0.5755045233124565,
            "f1": 0.664790996784566
        },
        "Canada": {
            "precision": 0.75,
            "recall": 0.6,
            "f1": 0.6666666666666665
        },
        "Jamaica": {
            "precision": 0.3333333333333333,
            "recall": 0.3333333333333333,
            "f1": 0.3333333333333333
        },
        "Hungary": {
            "precision": 1.0,
            "recall": 1.0,
            "f1": 1.0
        },
        "El-Salvador": {
            "precision": 1.0,
            "recall": 1.0,
            "f1": 1.0
        },
        "Ecuador": {
            "precision": 1.0,
            "recall": 0.0,
            "f1": 0.0
        },
        "Guatemala": {
            "precision": 1.0,
            "recall": 0.5,
            "f1": 0.6666666666666666
        },
        "Puerto-Rico": {
            "precision": 0.3333333333333333,
            "recall": 1.0,
            "f1": 0.5
        },
        "Vietnam": {
            "precision": 1.0,
            "recall": 1.0,
            "f1": 1.0
        },
        "Cambodia": {
            "precision": 1.0,
            "recall": 0.25,
            "f1": 0.4
        },
        "Peru": {
            "precision": 1.0,
            "recall": 1.0,
            "f1": 1.0
        },
        "India": {
            "precision": 0.8571428571428571,
            "recall": 0.8571428571428571,
            "f1": 0.8571428571428571
        },
        "China": {
            "precision": 0.3333333333333333,
            "recall": 1.0,
            "f1": 0.5
        },
        "Haiti": {
            "precision": 0.0,
            "recall": 0.0,
            "f1": 0.0
        },
        "Iran": {
            "precision": 0.625,
            "recall": 0.7142857142857143,
            "f1": 0.6666666666666666
        },
        "Nicaragua": {
            "precision": 1.0,
            "recall": 1.0,
            "f1": 1.0
        },
        "Greece": {
            "precision": 1.0,
            "recall": 0.5,
            "f1": 0.6666666666666666
        },
        "Dominican-Republic": {
            "precision": 1.0,
            "recall": 1.0,
            "f1": 1.0
        },
        "Cuba": {
            "precision": 0.75,
            "recall": 0.5,
            "f1": 0.6
        },
        "Columbia": {
            "precision": 0.0,
            "recall": 1.0,
            "f1": 0.0
        },
        "Germany": {
            "precision": 1.0,
            "recall": 0.4444444444444444,
            "f1": 0.6153846153846153
        },
        "Italy": {
            "precision": 1.0,
            "recall": 0.75,
            "f1": 0.8571428571428571
        },
        "Poland": {
            "precision": 1.0,
            "recall": 1.0,
            "f1": 1.0
        },
        "England": {
            "precision": 0.8,
            "recall": 0.6666666666666666,
            "f1": 0.7272727272727272
        },
        "Scotland": {
            "precision": 1.0,
            "recall": 1.0,
            "f1": 1.0
        },
        "Hong": {
            "precision": 1.0,
            "recall": 1.0,
            "f1": 1.0
        },
        "Trinadad&Tobago": {
            "precision": 1.0,
            "recall": 1.0,
            "f1": 1.0
        },
        "Taiwan": {
            "precision": 1.0,
            "recall": 0.0,
            "f1": 0.0
        },
        "Ireland": {
            "precision": 1.0,
            "recall": 0.5,
            "f1": 0.6666666666666666
        },
        "Outlying-US(Guam-USVI-etc)": {
            "precision": 1.0,
            "recall": 1.0,
            "f1": 1.0
        },
        "Japan": {
            "precision": 1.0,
            "recall": 0.5,
            "f1": 0.6666666666666666
        },
        "Honduras": {
            "precision": 1.0,
            "recall": 1.0,
            "f1": 1.0
        },
        "Portugal": {
            "precision": 1.0,
            "recall": 1.0,
            "f1": 1.0
        },
        "Thailand": {
            "precision": 1.0,
            "recall": 1.0,
            "f1": 1.0
        },
        "Laos": {
            "precision": 1.0,
            "recall": 1.0,
            "f1": 1.0
        },
        "France": {
            "precision": 1.0,
            "recall": 1.0,
            "f1": 1.0
        }
    },
    "workclass": {
        "Private": {
            "precision": 0.7916666666666666,
            "recall": 0.5375609756097561,
            "f1": 0.6403253922138292
        },
        "State-gov": {
            "precision": 0.7241379310344828,
            "recall": 0.6363636363636364,
            "f1": 0.6774193548387097
        },
        "Local-gov": {
            "precision": 0.7415730337078652,