{
    "sex": {
        "Male": {
            "precision": 0.8050251256281407,
            "recall": 0.6123853211009175,
            "f1": 0.6956144159791577
        },
        "Female": {
            "precision": 0.7724137931034483,
            "recall": 0.5045045045045045,
            "f1": 0.6103542234332425
        }
    },
    "relationship": {
        "Not-in-family": {
            "precision": 0.9027777777777778,
            "recall": 0.35911602209944754,
            "f1": 0.5138339920948617
        },
        "Husband": {
            "precision": 0.799140708915145,
            "recall": 0.6486486486486487,
            "f1": 0.7160731472569779
        },
        "Unmarried": {
            "precision": 1.0,
            "recall": 0.3191489361702128,
            "f1": 0.48387096774193555
        },
        "Own-child": {
            "precision": 0.6666666666666666,
            "recall": 0.2222222222222222,
            "f1": 0.3333333333333333
        },
        "Wife": {
            "precision": 0.7372881355932204,
            "recall": 0.635036496350365,
            "f1": 0.6823529411764706
        },
        "Other-relative": {
            "precision": 0.0,
            "recall": 0.0,
            "f1": 0.0
        }
    },
    "education": {
        "Prof-school": {
            "precision": 0.8941176470588236,
            "recall": 0.95,
            "f1": 0.9212121212121211
        },
        "HS-grad": {
            "precision": 0.8454545454545455,
            "recall": 0.2826747720364742,
            "f1": 0.42369020501138954
        },
        "Bachelors": {
            "precision": 0.7693920335429769,
            "recall": 0.830316742081448,
            "f1": 0.7986942328618064
        },
        "Some-college": {
            "precision": 0.7857142857142857,
            "recall": 0.36,
            "f1": 0.4937655860349127
        },
        "7th-8th": {
            "precision": 1.0,
            "recall": 0.25,
            "f1": 0.4
        },
        "Masters": {
            "precision": 0.8436018957345972,
            "recall": 0.89,
            "f1": 0.8661800486618004
        },
        "11th": {
            "precision": 1.0,
            "recall": 0.36363636363636365,
            "f1": 0.5333333333333333
        },
        "Assoc-acdm": {
            "precision": 0.6521739130434783,
            "recall": 0.3488372093023256,
            "f1": 0.4545454545454546
        },
        "Assoc-voc": {
            "precision": 0.7352941176470589,
            "recall": 0.390625,
            "f1": 0.5102040816326531
        },
        "5th-6th": {
            "precision": 1.0,
            "recall": 1.0,
            "f1": 1.0
        },
        "10th": {
            "precision": 1.0,
            "recall": 0.2,
            "f1": 0.33333333333333337
        },
        "12th": {
            "precision": 1.0,
            "recall": 0.3333333333333333,
            "f1": 0.5
        },
        "Doctorate": {
            "precision": 0.7704918032786885,
            "recall": 0.8545454545454545,
            "f1": 0.810344827586207
        },
        "1st-4th": {
            "precision": 1.0,
            "recall": 0.0,
            "f1": 0.0
        },
        "9th": {
            "precision": 1.0,
            "recall": 0.3333333333333333,
            "f1": 0.5
        },
        "Preschool": {
            "precision": 1.0,
            "recall": 1.0,
            "f1": 1.0
        }
    },
    "workclass": {
        "Private": {
            "precision": 0.8196022727272727,
            "recall": 0.5735586481113321,
            "f1": 0.6748538011695906
        },
        "Local-gov": {
            "precision": 0.72,
            "recall": 0.6050420168067226,
            "f1": 0.6575342465753424
        },
        "State-gov": {
            "precision": 0.71875,
            "recall": 0.7301587301587301,
            "f1": 0.7244094488188977
        },
        "Self-emp-not-inc": {
            "precision": 0.819047619047619,
            "recall": 0.589041095890411,
            "f1": 0.6852589641434264
        },
        "Self-emp-inc": {
            "precision": 0.7927927927927928,
            "recall": 0.7333333333333333,
            "f1": 0.7619047619047619
        },
        "Federal-gov": {
            "precision": 0.7857142857142857,
            "recall": 0.5789473684210527,
            "f1": 0.6666666666666667
        },
        "Without-pay": {
            "precision": 1.0,
            "recall": 1.0,
            "f1": 1.0
        }
    },
    "occupation": {
        "Prof-specialty": {
            "precision": 0.7896174863387978,
            "recall": 0.7939560439560439,
            "f1": 0.7917808219178082
        },
        "Craft-repair": {
            "precision": 0.7580645161290323,
            "recall": 0.27485380116959063,
            "f1": 0.4034334763948498
        },
        "Other-service": {
            "precision": 0.5454545454545454,
            "recall": 0.2857142857142857,
            "f1": 0.37499999999999994
        },
        "Transport-moving": {
            "precision": 0.85,
            "recall": 0.25,
            "f1": 0.3863636363636363
        },
        "Adm-clerical": {
            "precision": 0.7333333333333333,
            "recall": 0.3235294117647059,
            "f1": 0.4489795918367347
        },
        "Exec-managerial": {
            "precision": 0.8325123152709359,
            "recall": 0.8009478672985783,
            "f1": 0.8164251207729469
        },
        "Sales": {
            "precision": 0.8029197080291971,
            "recall": 0.5851063829787234,
            "f1": 0.676923076923077
        },
        "Machine-op-inspct": {
            "precision": 0.8,
            "recall": 0.22641509433962265,
            "f1": 0.35294117647058826
        },
        "Farming-fishing": {
            "precision": 0.7777777777777778,
            "recall": 0.5,
            "f1": 0.6086956521739131
        },
        "Handlers-cleaners": {
            "precision": 0.8333333333333334,
            "recall": 0.3125,
            "f1": 0.45454545454545453
        },
        "Protective-serv": {
            "precision": 0.7272727272727273,
            "recall": 0.38095238095238093,
            "f1": 0.5
        },
        "Tech-support": {
            "precision": 0.8064516129032258,
            "recall": 0.46296296296296297,
            "f1": 0.5882352941176471
        },
        "Priv-house-serv": {
            "precision": 1.0,
            "recall": 1.0,
            "f1": 1.0
        }
    },
    "marital-status": {
        "Never-married": {
            "precision": 0.8918918918918919,
            "recall": 0.3235294117647059,
            "f1": 0.4748201438848921
        },
        "Married-civ-spouse": {
            "precision": 0.7914285714285715,
            "recall": 0.6456876456876457,
            "f1": 0.7111681643132222
        },
        "Married-spouse-absent": {
            "precision": 1.0,
            "recall": 0.1111111111111111,
            "f1": 0.19999999999999998
        },
        "Separated": {
            "precision": 1.0,
            "recall": 0.5333333333333333,
            "f1": 0.6956521739130436
        },
        "Divorced": {
            "precision": 0.9,
            "recall": 0.3711340206185567,
            "f1": 0.5255474452554746
        },
        "Widowed": {
            "precision": 1.0,
            "recall": 0.2222222222222222,
            "f1": 0.3636363636363636
        },
        "Married-AF-spouse": {
            "precision": 1.0,
            "recall": 0.0,
            "f1": 0.0
        }
    },
    "race": {
        "White": {
            "precision": 0.806949806949807,
            "recall": 0.6010064701653487,
            "f1": 0.6889163576431809
        },
        "Asian-Pac-Islander": {
            "precision": 0.7333333333333333,
            "recall": 0.6470588235294118,
            "f1": 0.6875
        },
        "Black": {
            "precision": 0.75,